{
  "project_info": {
    "project_number": "837967267356",
    "project_id": "konnect-747df",
    "storage_bucket": "konnect-747df.appspot.com"
  },
  "client": [
    {
      "client_info": {
        "mobilesdk_app_id": "1:837967267356:android:048d62b15d62e4187381d9",
        "android_client_info": {
          "package_name": "com.example.konnect"
        }
      },
      "oauth_client": [
        {
          "client_id": "837967267356-75tief64g0779hofbfbt4d0u0uhip918.apps.googleusercontent.com",
          "client_type": 3
        }
      ],
      "api_key": [
        {
          "current_key": "AIzaSyDSA4R08R7T9S4DOdQGEId1rhRQVw1yQfE"
        }
      ],
      "services": {
        "appinvite_service": {
          "other_platform_oauth_client": [
            {
              "client_id": "837967267356-75tief64g0779hofbfbt4d0u0uhip918.apps.googleusercontent.com",
              "client_type": 3
            }
          ]
        }
      }
    }
  ],
  "configuration_version": "1"
}